itemset,support
sugar,0.17
Cheese,0.1623333333333333
avocadoes,0.161
rice,0.1593333333333333
Bananas,0.159
salt,0.1566666666666666
lemon,0.1543333333333333
noodles,0.154
melon,0.154
watermelon,0.1526666666666666
